cluster,cluster_label,Recency,Frequency,Monetary,aov,category_diversity,return_rate_pct
2,High-Value Loyal,397.3136593591906,1.3507588532883643,371.7732195682615,299.45956648908583,2.775716694772344,2.3984302188349407
5,Selective Buyers,376.62323294406883,1.7123540258143823,172.09315698725317,116.7574036780413,3.375537799631223,1.5545881649139177
1,At-Risk High Value,390.7230450464277,1.5475404803929091,77.9386083167884,57.76859419991969,2.4311257769933237,0.6387521021854534
3,Recent But Inactive,439.58273173548946,1.2463182211954953,43.08174102651049,35.22196939571796,1.502165752237944,46.17753793035341
4,Occasional Spenders,448.33518680040703,1.0987788922808548,23.435816108287092,21.72224752454829,1.1875999418520133,0.1015455365651615
0,Low-Value Browsers,9999.0,0.0,0.0,0.0,0.0,0.0
