year,gmv_all_status,revenue,gross_profit,num_items,total_items,returns,return_value,cancelled_value,processing_backlog_value,num_orders,aov,gross_margin_pct,return_rate_pct,status_leakage_value,status_leakage_pct,yoy_growth_pct
2019,222822.71029877663,122578.31011557579,63507.44442987228,2054,3671,355,22718.690074920654,33616.70004034042,43909.01006793976,1429,85.77908335589629,51.8,9.7,100244.40018320084,45.0,
2020,749835.4907087088,412158.9403100014,214221.75863410512,6927,12716,1309,76700.92005133629,110149.94022500515,150825.69012236595,4737,87.00843156217044,52.0,10.3,337676.5503987074,45.0,236.24133007004895
2021,1450072.2814701796,798675.8307175636,414262.8277359082,13378,24311,2419,140447.24024152756,219131.82020878792,291817.39030230045,9194,86.86924415026796,51.9,10.0,651396.4507526159,44.9,93.77860155522704
2022,2485721.8231936693,1377947.9619448185,714493.2279943099,23443,42308,4106,242852.11024165154,370158.41045737267,494763.3405498266,16158,85.27961145839946,51.9,9.7,1107773.8612488508,44.6,72.52906735725466
2023,5120923.825135231,2818999.332674384,1463632.9498510696,46903,85522,8707,531036.1605522633,754308.4308540821,1016579.9010545015,32357,87.12177682338857,51.9,10.2,2301924.492460847,45.0,104.57952045559718
