stage,event_count,sessions,global_unique_users,event_conversion_from_prev_pct,session_conversion_from_prev_pct,user_conversion_from_prev_pct
product,845607,681759,80044,100.0,100.0,100.0
cart,595994,432146,80044,70.48120462578952,63.386915317582904,100.0
purchase,181759,181759,80044,30.496783524666355,42.059627996093916,100.0
cancel,125568,125568,0,69.08488713076106,69.08488713076106,0.0
